<code_scheme name="Default" version="173">
  <DBN-PSQL>
    <case-options enabled="true">
      <option name="KEYWORD_CASE" value="lower" />
      <option name="FUNCTION_CASE" value="lower" />
      <option name="PARAMETER_CASE" value="lower" />
      <option name="DATATYPE_CASE" value="lower" />
      <option name="OBJECT_CASE" value="preserve" />
    </case-options>
    <formatting-settings enabled="false" />
  </DBN-PSQL>
  <DBN-SQL>
    <case-options enabled="true">
      <option name="KEYWORD_CASE" value="lower" />
      <option name="FUNCTION_CASE" value="lower" />
      <option name="PARAMETER_CASE" value="lower" />
      <option name="DATATYPE_CASE" value="lower" />
      <option name="OBJECT_CASE" value="preserve" />
    </case-options>
    <formatting-settings enabled="false">
      <option name="STATEMENT_SPACING" value="one_line" />
      <option name="CLAUSE_CHOP_DOWN" value="chop_down_if_statement_long" />
      <option name="ITERATION_ELEMENTS_WRAPPING" value="chop_down_if_not_single" />
    </formatting-settings>
  </DBN-SQL>
  <JSCodeStyleSettings version="0">
    <option name="USE_DOUBLE_QUOTES" value="false" />
    <option name="SPACES_WITHIN_IMPORTS" value="true" />
  </JSCodeStyleSettings>
  <JavaCodeStyleSettings>
    <option name="JD_ADD_BLANK_AFTER_PARM_COMMENTS" value="true" />
    <option name="JD_ADD_BLANK_AFTER_RETURN" value="true" />
  </JavaCodeStyleSettings>
  <JetCodeStyleSettings>
    <option name="PACKAGES_TO_USE_STAR_IMPORTS">
      <value>
        <package name="java.util" alias="false" withSubpackages="false" />
        <package name="kotlinx.android.synthetic" alias="false" withSubpackages="true" />
        <package name="io.ktor" alias="false" withSubpackages="true" />
      </value>
    </option>
    <option name="PACKAGES_IMPORT_LAYOUT">
      <value>
        <package name="" alias="false" withSubpackages="true" />
        <package name="java" alias="false" withSubpackages="true" />
        <package name="javax" alias="false" withSubpackages="true" />
        <package name="kotlin" alias="false" withSubpackages="true" />
        <package name="" alias="true" withSubpackages="true" />
      </value>
    </option>
  </JetCodeStyleSettings>
  <ScalaCodeStyleSettings>
    <option name="MULTILINE_STRING_CLOSING_QUOTES_ON_NEW_LINE" value="true" />
  </ScalaCodeStyleSettings>
  <TypeScriptCodeStyleSettings version="0">
    <option name="USE_DOUBLE_QUOTES" value="false" />
    <option name="SPACES_WITHIN_IMPORTS" value="true" />
  </TypeScriptCodeStyleSettings>
  <codeStyleSettings language="JAVA">
    <option name="LINE_COMMENT_AT_FIRST_COLUMN" value="false" />
    <option name="BLOCK_COMMENT_AT_FIRST_COLUMN" value="false" />
    <option name="LINE_COMMENT_ADD_SPACE" value="true" />
    <option name="WRAP_FIRST_METHOD_IN_CALL_CHAIN" value="true" />
    <arrangement>
      <groups>
        <group>
          <type>GETTERS_AND_SETTERS</type>
          <order>KEEP</order>
        </group>
        <group>
          <type>OVERRIDDEN_METHODS</type>
          <order>KEEP</order>
        </group>
        <group>
          <type>DEPENDENT_METHODS</type>
          <order>BREADTH_FIRST</order>
        </group>
      </groups>
    </arrangement>
  </codeStyleSettings>
  <codeStyleSettings language="JavaScript">
    <indentOptions>
      <option name="INDENT_SIZE" value="2" />
      <option name="CONTINUATION_INDENT_SIZE" value="2" />
      <option name="TAB_SIZE" value="2" />
    </indentOptions>
  </codeStyleSettings>
  <codeStyleSettings language="TypeScript">
    <indentOptions>
      <option name="INDENT_SIZE" value="2" />
      <option name="CONTINUATION_INDENT_SIZE" value="2" />
      <option name="TAB_SIZE" value="2" />
    </indentOptions>
  </codeStyleSettings>
</code_scheme>