<keymap version="1" name="Brandon's Keymap" parent="VSCode">
  <action id="$Copy">
    <keyboard-shortcut first-keystroke="meta c" />
  </action>
  <action id="$Delete">
    <keyboard-shortcut first-keystroke="meta back_space" />
  </action>
  <action id="$Paste">
    <keyboard-shortcut first-keystroke="meta v" />
  </action>
  <action id="ActivateDebugToolWindow">
    <keyboard-shortcut first-keystroke="shift meta d" />
  </action>
  <action id="ActivateFindToolWindow" />
  <action id="ActivateMavenToolWindow">
    <keyboard-shortcut first-keystroke="meta m" />
  </action>
  <action id="ActivateProblemsViewToolWindow">
    <keyboard-shortcut first-keystroke="meta alt p" />
  </action>
  <action id="ActivateProjectToolWindow">
    <keyboard-shortcut first-keystroke="shift meta e" />
  </action>
  <action id="ActivateRunToolWindow">
    <keyboard-shortcut first-keystroke="meta k" second-keystroke="meta r" />
  </action>
  <action id="ActivateSonarLintToolWindow">
    <keyboard-shortcut first-keystroke="shift ctrl s" />
  </action>
  <action id="ActivateTerminalToolWindow">
    <keyboard-shortcut first-keystroke="meta t" />
  </action>
  <action id="ActivateVersionControlToolWindow">
    <keyboard-shortcut first-keystroke="shift meta g" />
  </action>
  <action id="Back" />
  <action id="ChangeSignature" />
  <action id="ChangesView.ShelveSilently" />
  <action id="ChooseDebugConfiguration">
    <keyboard-shortcut first-keystroke="meta d" />
  </action>
  <action id="ChooseRunConfiguration">
    <keyboard-shortcut first-keystroke="meta r" />
  </action>
  <action id="ClassNameCompletion" />
  <action id="ClassTemplateNavigation" />
  <action id="CloseContent">
    <keyboard-shortcut first-keystroke="meta w" />
  </action>
  <action id="CollapseBlock" />
  <action id="CollapseSelection" />
  <action id="CommentByLineComment">
    <keyboard-shortcut first-keystroke="meta slash" />
  </action>
  <action id="CompileDirty">
    <keyboard-shortcut first-keystroke="meta b" />
  </action>
  <action id="Console.TableResult.SetDefault" />
  <action id="DBNavigator.Actions.DataEditor.DuplicateRecord" />
  <action id="DBNavigator.Actions.Navigation.GotoDatabaseObject" />
  <action id="Editor Copy">
    <keyboard-shortcut first-keystroke="meta c" />
  </action>
  <action id="Editor Delete">
    <keyboard-shortcut first-keystroke="meta back_space" />
  </action>
  <action id="Editor Paste">
    <keyboard-shortcut first-keystroke="meta v" />
  </action>
  <action id="EditorCloneCaretAbove">
    <keyboard-shortcut first-keystroke="shift ctrl k" />
  </action>
  <action id="EditorCloneCaretBelow">
    <keyboard-shortcut first-keystroke="shift ctrl j" />
  </action>
  <action id="EditorDeleteToLineEnd">
    <keyboard-shortcut first-keystroke="meta delete" />
  </action>
  <action id="EditorDuplicate">
    <keyboard-shortcut first-keystroke="shift alt j" />
  </action>
  <action id="EditorJoinLines" />
  <action id="EditorMatchBrace" />
  <action id="EditorUp">
    <keyboard-shortcut first-keystroke="up" />
  </action>
  <action id="ExecuteInPyConsoleAction">
    <keyboard-shortcut first-keystroke="shift ctrl e" />
  </action>
  <action id="ExternalSystem.AssignShortcut">
    <keyboard-shortcut first-keystroke="shift ctrl semicolon" />
  </action>
  <action id="FileChooser.NewFile" />
  <action id="FileChooser.NewFolder">
    <keyboard-shortcut first-keystroke="ctrl meta n" />
  </action>
  <action id="FindModal">
    <keyboard-shortcut first-keystroke="meta f" />
  </action>
  <action id="FindPrevious">
    <keyboard-shortcut first-keystroke="shift f3" />
  </action>
  <action id="FindUsagesInFile" />
  <action id="FindWordAtCaret" />
  <action id="Flutter.Toolbar.RestartAction" />
  <action id="FlutterBeanFactory.ID" />
  <action id="Forward" />
  <action id="Generate">
    <keyboard-shortcut first-keystroke="meta g" />
  </action>
  <action id="Git.Branches">
    <keyboard-shortcut first-keystroke="ctrl c" />
  </action>
  <action id="Go To Tab #1">
    <keyboard-shortcut first-keystroke="meta 1" />
  </action>
  <action id="Go To Tab #2">
    <keyboard-shortcut first-keystroke="meta 2" />
  </action>
  <action id="GoToClass" />
  <action id="GoToMenu">
    <keyboard-shortcut first-keystroke="shift meta n" />
  </action>
  <action id="GotoAction">
    <keyboard-shortcut first-keystroke="shift meta p" />
  </action>
  <action id="GotoFile">
    <keyboard-shortcut first-keystroke="ctrl p" />
    <keyboard-shortcut first-keystroke="meta p" />
  </action>
  <action id="GotoNextError">
    <keyboard-shortcut first-keystroke="ctrl meta e" />
  </action>
  <action id="GotoSymbol" />
  <action id="Help.KeymapReference" />
  <action id="HideSideWindows" />
  <action id="MarkNotificationsAsRead">
    <keyboard-shortcut first-keystroke="meta k" second-keystroke="meta k" />
  </action>
  <action id="MavenHelper.QuickRunMavenGoal">
    <keyboard-shortcut first-keystroke="shift meta m" />
  </action>
  <action id="MinimizeCurrentWindow" />
  <action id="MoveLineDown">
    <keyboard-shortcut first-keystroke="alt down" />
    <keyboard-shortcut first-keystroke="alt j" />
  </action>
  <action id="MoveLineUp">
    <keyboard-shortcut first-keystroke="alt up" />
    <keyboard-shortcut first-keystroke="alt k" />
  </action>
  <action id="MoveTabRight">
    <keyboard-shortcut first-keystroke="ctrl meta right" />
    <keyboard-shortcut first-keystroke="shift ctrl meta l" />
  </action>
  <action id="NewElementSamePlace">
    <keyboard-shortcut first-keystroke="ctrl alt n" />
    <keyboard-shortcut first-keystroke="meta n" />
  </action>
  <action id="NewFile" />
  <action id="NextProjectWindow" />
  <action id="NextSplitter">
    <keyboard-shortcut first-keystroke="shift meta alt l" />
  </action>
  <action id="NextTab">
    <keyboard-shortcut first-keystroke="shift meta l" />
  </action>
  <action id="PrevSplitter">
    <keyboard-shortcut first-keystroke="shift meta alt h" />
  </action>
  <action id="PreviousTab">
    <keyboard-shortcut first-keystroke="shift meta h" />
  </action>
  <action id="QuickJavaDoc" />
  <action id="RecentLocations">
    <keyboard-shortcut first-keystroke="shift meta t" />
  </action>
  <action id="ReformatWithPrettierAction">
    <keyboard-shortcut first-keystroke="ctrl p" />
  </action>
  <action id="Refresh" />
  <action id="RenameElement">
    <keyboard-shortcut first-keystroke="ctrl meta r" />
  </action>
  <action id="ReopenClosedTab" />
  <action id="ReplaceInPath" />
  <action id="ResizeToolWindowDown" />
  <action id="ResizeToolWindowUp" />
  <action id="ResourceExplorer.show" />
  <action id="Run" />
  <action id="Scala.Desugar" />
  <action id="Scala.ExpandImplicits">
    <keyboard-shortcut first-keystroke="shift ctrl alt minus" />
    <keyboard-shortcut first-keystroke="shift ctrl alt subtract" />
  </action>
  <action id="Scala.RenameJavaToScala" />
  <action id="Scala.RunConsole" />
  <action id="Scala.ShowImplicits">
    <keyboard-shortcut first-keystroke="shift ctrl alt equals" />
    <keyboard-shortcut first-keystroke="shift ctrl alt add" />
  </action>
  <action id="ScrollPane-unitScrollDown" />
  <action id="ScrollPane-unitScrollUp" />
  <action id="SearchEverywhere">
    <keyboard-shortcut first-keystroke="shift meta f" />
  </action>
  <action id="SelectAllOccurrences">
    <keyboard-shortcut first-keystroke="meta f2" />
    <keyboard-shortcut first-keystroke="ctrl meta g" />
  </action>
  <action id="SelectNextOccurrence" />
  <action id="ServiceView.GroupByServiceGroups" />
  <action id="ServiceView.ShowServices" />
  <action id="ShiftDownAction">
    <keyboard-shortcut first-keystroke="ctrl minus" />
  </action>
  <action id="ShiftDownMoreAction">
    <keyboard-shortcut first-keystroke="shift ctrl minus" />
  </action>
  <action id="ShiftUpAction">
    <keyboard-shortcut first-keystroke="ctrl equals" />
  </action>
  <action id="ShiftUpMoreAction">
    <keyboard-shortcut first-keystroke="shift ctrl equals" />
  </action>
  <action id="ShowErrorDescription" />
  <action id="ShowUsages" />
  <action id="SmartSearchAction" />
  <action id="SplitHorizontally">
    <keyboard-shortcut first-keystroke="shift meta back_slash" />
  </action>
  <action id="StepOut" />
  <action id="Stop">
    <keyboard-shortcut first-keystroke="shift meta r" />
  </action>
  <action id="SurroundWith">
    <keyboard-shortcut first-keystroke="alt dead_acute" />
    <keyboard-shortcut first-keystroke="meta e" />
  </action>
  <action id="SurroundWithEmmet">
    <keyboard-shortcut first-keystroke="shift alt e" />
  </action>
  <action id="SwitcherIterateItems" />
  <action id="SwitcherRecentEditedChangedToggleCheckBox" />
  <action id="ToggleBreakpointEnabled">
    <keyboard-shortcut first-keystroke="alt b" />
  </action>
  <action id="ToggleLineBreakpoint">
    <keyboard-shortcut first-keystroke="shift meta b" />
  </action>
  <action id="Unsplit">
    <keyboard-shortcut first-keystroke="shift ctrl meta h" />
  </action>
  <action id="Vcs.ShowMessageHistory">
    <keyboard-shortcut first-keystroke="ctrl m" />
  </action>
  <action id="ViewToolButtons">
    <keyboard-shortcut first-keystroke="meta alt b" />
  </action>
</keymap>