<keymap version="1" name="VSCode copy" parent="VSCode">
  <action id="ActivateProjectToolWindow">
    <keyboard-shortcut first-keystroke="meta b" />
    <keyboard-shortcut first-keystroke="shift meta e" />
  </action>
  <action id="ActivateTerminalToolWindow">
    <keyboard-shortcut first-keystroke="meta t" />
  </action>
  <action id="ActivateVersionControlToolWindow">
    <keyboard-shortcut first-keystroke="shift meta g" />
  </action>
  <action id="ChangesView.ShelveSilently" />
  <action id="ClassTemplateNavigation" />
  <action id="EditorMatchBrace" />
  <action id="FindPrevious">
    <keyboard-shortcut first-keystroke="shift f3" />
  </action>
  <action id="Flutter.Toolbar.RestartAction" />
  <action id="FlutterBeanFactory.ID" />
  <action id="GoToClass" />
  <action id="GotoSymbol" />
  <action id="HideSideWindows" />
  <action id="MoveLineDown">
    <keyboard-shortcut first-keystroke="alt down" />
    <keyboard-shortcut first-keystroke="alt j" />
  </action>
  <action id="MoveLineUp">
    <keyboard-shortcut first-keystroke="alt up" />
    <keyboard-shortcut first-keystroke="alt k" />
  </action>
  <action id="NextTab">
    <keyboard-shortcut first-keystroke="meta alt l" />
  </action>
  <action id="PreviousTab">
    <keyboard-shortcut first-keystroke="meta alt h" />
  </action>
  <action id="RecentLocations">
    <keyboard-shortcut first-keystroke="shift meta t" />
  </action>
  <action id="ReopenClosedTab" />
  <action id="ReplaceInPath" />
  <action id="ResourceExplorer.show" />
  <action id="Scala.Desugar" />
  <action id="Scala.RenameJavaToScala" />
  <action id="Scala.ShowImplicits">
    <keyboard-shortcut first-keystroke="shift ctrl alt equals" />
    <keyboard-shortcut first-keystroke="shift ctrl alt add" />
  </action>
  <action id="SelectAllOccurrences">
    <keyboard-shortcut first-keystroke="meta f2" />
    <keyboard-shortcut first-keystroke="ctrl meta g" />
  </action>
  <action id="ServiceView.ShowServices" />
  <action id="SplitHorizontally">
    <keyboard-shortcut first-keystroke="shift meta back_slash" />
  </action>
</keymap>