<application>
  <component name="ParameterNameHintsSettings">
    <option id="java.multiple.params.same.type" value="true" />
    <option id="java.build.like.method" value="true" />
    <option id="js.param.hints.show.names.for.all.args" value="true" />
    <option id="java.new.expr" value="false" />
    <option id="java.enums" value="false" />
    <option id="java.simple.sequentially.numbered" value="true" />
    <option id="sql.show.column.names.for.asterisk" value="true" />
    <option id="java.clear.expression.type" value="true" />
    <option id="sql.show.column.names.in.insert.values" value="true" />
    <option id="js.only.show.names.for.all.args" value="true" />
    <option id="sql.show.column.names.in.select" value="true" />
  </component>
</application>